Participant.Private.ID,condition,contrast,totAttempt,totCorrect,percCorrect
5297751,blur,12,1,1,1
5297751,blur,11,3,3,1
5297751,blur,10,4,3,0.75
5297751,blur,9,5,3,0.6
5297751,blur,8,5,5,1
5297751,blur,7,8,6,0.75
5297751,blur,6,7,5,0.7142857142857143
5297751,blur,5,5,2,0.4
5297751,blur,4,2,0,0
5297751,clear,10,1,1,1
5297751,clear,9,1,1,1
5297751,clear,8,1,1,1
5297751,clear,7,4,4,1
5297751,clear,6,7,7,1
5297751,clear,5,12,9,0.75
5297751,clear,4,9,6,0.6666666666666666
5297751,clear,3,5,0,0
5344588,blur,10,1,1,1
5344588,blur,9,1,1,1
5344588,blur,8,1,1,1
5344588,blur,7,1,1,1
5344588,blur,6,1,1,1
5344588,blur,5,5,5,1
5344588,blur,4,9,8,0.8888888888888888
5344588,blur,3,11,7,0.6363636363636364
5344588,blur,2,7,3,0.42857142857142855
5344588,blur,1,3,0,0
5344588,clear,10,1,1,1
5344588,clear,9,1,1,1
5344588,clear,8,1,1,1
5344588,clear,7,2,2,1
5344588,clear,6,2,2,1
5344588,clear,5,3,2,0.6666666666666666
5344588,clear,4,4,4,1
5344588,clear,3,10,9,0.9
5344588,clear,2,8,6,0.75
5344588,clear,1,8,2,0.25
5371387,blur,10,2,2,1
5371387,blur,9,3,3,1
5371387,blur,8,6,5,0.8333333333333334
5371387,blur,7,9,8,0.8888888888888888
5371387,blur,6,8,5,0.625
5371387,blur,5,5,1,0.2
5371387,blur,4,3,2,0.6666666666666666
5371387,blur,3,2,2,1
5371387,blur,2,2,0,0
5371387,clear,10,1,1,1
5371387,clear,9,1,1,1
5371387,clear,8,2,2,1
5371387,clear,7,4,4,1
5371387,clear,6,7,6,0.8571428571428571
5371387,clear,5,11,9,0.8181818181818182
5371387,clear,4,9,6,0.6666666666666666
5371387,clear,3,5,0,0
5372697,blur,10,1,1,1
5372697,blur,9,1,1,1
5372697,blur,8,1,1,1
5372697,blur,7,4,4,1
5372697,blur,6,6,6,1
5372697,blur,5,11,8,0.7272727272727273
5372697,blur,4,9,7,0.7777777777777778
5372697,blur,3,6,1,0.16666666666666666
5372697,blur,2,1,0,0
5372697,clear,10,1,1,1
5372697,clear,9,1,1,1
5372697,clear,8,1,1,1
5372697,clear,7,2,2,1
5372697,clear,6,3,3,1
5372697,clear,5,10,9,0.9
5372697,clear,4,11,10,0.9090909090909091
5372697,clear,3,9,2,0.2222222222222222
5372697,clear,2,2,0,0
5384559,blur,10,1,1,1
5384559,blur,9,1,1,1
5384559,blur,8,1,1,1
5384559,blur,7,1,1,1
5384559,blur,6,1,1,1
5384559,blur,5,2,2,1
5384559,blur,4,2,2,1
5384559,blur,3,11,10,0.9090909090909091
5384559,blur,2,10,10,1
5384559,blur,1,10,1,0.1
5384559,clear,10,1,1,1
5384559,clear,9,1,1,1
5384559,clear,8,1,1,1
5384559,clear,7,1,1,1
5384559,clear,6,1,1,1
5384559,clear,5,3,3,1
5384559,clear,4,5,5,1
5384559,clear,3,11,9,0.8181818181818182
5384559,clear,2,8,6,0.75
5384559,clear,1,8,2,0.25
5387392,blur,10,1,1,1
5387392,blur,9,1,1,1
5387392,blur,8,1,1,1
5387392,blur,7,1,1,1
5387392,blur,6,1,1,1
5387392,blur,5,4,4,1
5387392,blur,4,8,8,1
5387392,blur,3,11,8,0.7272727272727273
5387392,blur,2,8,4,0.5
5387392,blur,1,4,0,0
5387392,clear,10,1,1,1
5387392,clear,9,1,1,1
5387392,clear,8,1,1,1
5387392,clear,7,1,1,1
5387392,clear,6,1,1,1
5387392,clear,5,2,2,1
5387392,clear,4,4,4,1
5387392,clear,3,11,9,0.8181818181818182
5387392,clear,2,9,7,0.7777777777777778
5387392,clear,1,9,2,0.2222222222222222
5389013,blur,10,1,1,1
5389013,blur,9,2,2,1
5389013,blur,8,2,2,1
5389013,blur,7,5,4,0.8
5389013,blur,6,6,6,1
5389013,blur,5,10,7,0.7
5389013,blur,4,7,5,0.7142857142857143
5389013,blur,3,5,1,0.2
5389013,blur,2,1,1,1
5389013,blur,1,1,0,0
5389013,clear,10,1,1,1
5389013,clear,9,1,1,1
5389013,clear,8,1,1,1
5389013,clear,7,1,1,1
5389013,clear,6,1,1,1
5389013,clear,5,2,2,1
5389013,clear,4,3,3,1
5389013,clear,3,11,10,0.9090909090909091
5389013,clear,2,10,9,0.9
5389013,clear,1,9,0,0
5410148,blur,19,3,3,1
5410148,blur,18,3,3,1
5410148,blur,17,5,2,0.4
5410148,blur,16,4,4,1
5410148,blur,15,4,2,0.5
5410148,blur,14,4,2,0.5
5410148,blur,13,2,2,1
5410148,blur,12,4,2,0.5
5410148,blur,11,2,2,1
5410148,blur,10,5,2,0.4
5410148,blur,9,2,2,1
5410148,blur,8,2,0,0
5410148,clear,11,1,1,1
5410148,clear,10,4,4,1
5410148,clear,9,5,4,0.8
5410148,clear,8,6,4,0.6666666666666666
5410148,clear,7,6,4,0.6666666666666666
5410148,clear,6,6,4,0.6666666666666666
5410148,clear,5,6,4,0.6666666666666666
5410148,clear,4,4,2,0.5
5410148,clear,3,2,0,0
5410422,blur,10,1,1,1
5410422,blur,9,1,1,1
5410422,blur,8,1,1,1
5410422,blur,7,1,1,1
5410422,blur,6,1,1,1
5410422,blur,5,5,5,1
5410422,blur,4,9,9,1
5410422,blur,3,11,7,0.6363636363636364
5410422,blur,2,7,3,0.42857142857142855
5410422,blur,1,3,0,0
5410422,clear,10,1,1,1
5410422,clear,9,1,1,1
5410422,clear,8,1,1,1
5410422,clear,7,1,1,1
5410422,clear,6,1,1,1
5410422,clear,5,2,2,1
5410422,clear,4,4,4,1
5410422,clear,3,11,10,0.9090909090909091
5410422,clear,2,10,8,0.8
5410422,clear,1,8,1,0.125
5418541,blur,10,1,1,1
5418541,blur,9,1,1,1
5418541,blur,8,1,1,1
5418541,blur,7,1,1,1
5418541,blur,6,1,1,1
5418541,blur,5,3,3,1
5418541,blur,4,4,4,1
5418541,blur,3,11,9,0.8181818181818182
5418541,blur,2,9,8,0.8888888888888888
5418541,blur,1,8,0,0
5418541,clear,10,1,1,1
5418541,clear,9,2,2,1
5418541,clear,8,2,2,1
5418541,clear,7,2,1,0.5
5418541,clear,6,1,1,1
5418541,clear,5,1,1,1
5418541,clear,4,1,1,1
5418541,clear,3,9,9,1
5418541,clear,2,9,9,1
5418541,clear,1,12,4,0.3333333333333333
5496748,blur,10,1,1,1
5496748,blur,9,1,1,1
5496748,blur,8,2,2,1
5496748,blur,7,4,4,1
5496748,blur,6,5,4,0.8
5496748,blur,5,11,9,0.8181818181818182
5496748,blur,4,9,7,0.7777777777777778
5496748,blur,3,7,0,0
5496748,clear,10,1,1,1
5496748,clear,9,1,1,1
5496748,clear,8,2,2,1
5496748,clear,7,3,3,1
5496748,clear,6,7,6,0.8571428571428571
5496748,clear,5,11,10,0.9090909090909091
5496748,clear,4,10,6,0.6
5496748,clear,3,5,0,0
5499000,blur,10,1,1,1
5499000,blur,9,1,1,1
5499000,blur,8,2,2,1
5499000,blur,7,3,3,1
5499000,blur,6,5,4,0.8
5499000,blur,5,8,7,0.875
5499000,blur,4,9,7,0.7777777777777778
5499000,blur,3,7,3,0.42857142857142855
5499000,blur,2,3,1,0.3333333333333333
5499000,blur,1,1,0,0
5499000,clear,10,1,1,1
5499000,clear,9,1,1,1
5499000,clear,8,1,1,1
5499000,clear,7,3,3,1
5499000,clear,6,4,4,1
5499000,clear,5,5,3,0.6
5499000,clear,4,8,7,0.875
5499000,clear,3,8,7,0.875
5499000,clear,2,7,2,0.2857142857142857
5499000,clear,1,2,0,0
5499152,blur,10,1,1,1
5499152,blur,9,1,1,1
5499152,blur,8,2,2,1
5499152,blur,7,4,4,1
5499152,blur,6,4,3,0.75
5499152,blur,5,11,9,0.8181818181818182
5499152,blur,4,9,8,0.8888888888888888
5499152,blur,3,8,0,0
5499152,clear,10,1,1,1
5499152,clear,9,1,1,1
5499152,clear,8,1,1,1
5499152,clear,7,1,1,1
5499152,clear,6,1,1,1
5499152,clear,5,7,7,1
5499152,clear,4,10,10,1
5499152,clear,3,11,5,0.45454545454545453
5499152,clear,2,5,2,0.4
5499152,clear,1,2,0,0
5499730,blur,10,1,1,1
5499730,blur,9,1,1,1
5499730,blur,8,1,1,1
5499730,blur,7,2,2,1
5499730,blur,6,5,5,1
5499730,blur,5,10,9,0.9
5499730,blur,4,10,7,0.7
5499730,blur,3,7,2,0.2857142857142857
5499730,blur,2,2,1,0.5
5499730,blur,1,1,0,0
5499730,clear,10,1,1,1
5499730,clear,9,1,1,1
5499730,clear,8,1,1,1
5499730,clear,7,1,1,1
5499730,clear,6,2,2,1
5499730,clear,5,2,2,1
5499730,clear,4,8,7,0.875
5499730,clear,3,10,10,1
5499730,clear,2,10,4,0.4
5499730,clear,1,4,0,0
5501417,blur,10,1,1,1
5501417,blur,9,1,1,1
5501417,blur,8,2,2,1
5501417,blur,7,4,4,1
5501417,blur,6,5,4,0.8
5501417,blur,5,11,9,0.8181818181818182
5501417,blur,4,9,7,0.7777777777777778
5501417,blur,3,7,0,0
5501417,clear,10,1,1,1
5501417,clear,9,1,1,1
5501417,clear,8,2,2,1
5501417,clear,7,3,3,1
5501417,clear,6,5,4,0.8
5501417,clear,5,10,9,0.9
5501417,clear,4,10,7,0.7
5501417,clear,3,7,1,0.14285714285714285
5501417,clear,2,1,0,0
5502940,blur,10,1,1,1
5502940,blur,9,4,4,1
5502940,blur,8,6,6,1
5502940,blur,7,10,7,0.7
5502940,blur,6,8,6,0.75
5502940,blur,5,7,3,0.42857142857142855
5502940,blur,4,3,1,0.3333333333333333
5502940,blur,3,1,0,0
5502940,clear,11,3,3,1
5502940,clear,10,7,7,1
5502940,clear,9,10,7,0.7
5502940,clear,8,9,6,0.6666666666666666
5502940,clear,7,6,3,0.5
5502940,clear,6,3,1,0.3333333333333333
5502940,clear,5,1,1,1
5502940,clear,4,1,0,0
5504684,blur,10,1,1,1
5504684,blur,9,1,1,1
5504684,blur,8,1,1,1
5504684,blur,7,1,1,1
5504684,blur,6,4,4,1
5504684,blur,5,10,10,1
5504684,blur,4,12,9,0.75
5504684,blur,3,8,2,0.25
5504684,blur,2,2,0,0
5504684,clear,10,1,1,1
5504684,clear,9,1,1,1
5504684,clear,8,1,1,1
5504684,clear,7,1,1,1
5504684,clear,6,1,1,1
5504684,clear,5,7,7,1
5504684,clear,4,12,12,1
5504684,clear,3,11,5,0.45454545454545453
5504684,clear,2,5,0,0
5505997,blur,12,2,2,1
5505997,blur,11,2,2,1
5505997,blur,10,5,3,0.6
5505997,blur,9,5,5,1
5505997,blur,8,6,4,0.6666666666666666
5505997,blur,7,8,6,0.75
5505997,blur,6,5,4,0.8
5505997,blur,5,5,1,0.2
5505997,blur,4,1,1,1
5505997,blur,3,1,0,0
5505997,clear,10,1,1,1
5505997,clear,9,1,1,1
5505997,clear,8,1,1,1
5505997,clear,7,1,1,1
5505997,clear,6,3,3,1
5505997,clear,5,10,10,1
5505997,clear,4,11,9,0.8181818181818182
5505997,clear,3,9,2,0.2222222222222222
5505997,clear,2,2,1,0.5
5505997,clear,1,1,0,0
5511369,blur,10,1,1,1
5511369,blur,9,2,2,1
5511369,blur,8,3,3,1
5511369,blur,7,4,3,0.75
5511369,blur,6,6,5,0.8333333333333334
5511369,blur,5,10,9,0.9
5511369,blur,4,9,6,0.6666666666666666
5511369,blur,3,5,0,0
5511369,clear,10,1,1,1
5511369,clear,9,1,1,1
5511369,clear,8,1,1,1
5511369,clear,7,1,1,1
5511369,clear,6,1,1,1
5511369,clear,5,10,10,1
5511369,clear,4,12,12,1
5511369,clear,3,11,2,0.18181818181818182
5511369,clear,2,2,0,0
5511959,blur,10,1,1,1
5511959,blur,9,1,1,1
5511959,blur,8,1,1,1
5511959,blur,7,4,4,1
5511959,blur,6,5,5,1
5511959,blur,5,10,7,0.7
5511959,blur,4,9,7,0.7777777777777778
5511959,blur,3,7,2,0.2857142857142857
5511959,blur,2,2,0,0
5511959,clear,12,1,1,1
5511959,clear,11,1,1,1
5511959,clear,10,2,1,0.5
5511959,clear,9,1,1,1
5511959,clear,8,1,1,1
5511959,clear,7,2,2,1
5511959,clear,6,4,4,1
5511959,clear,5,8,7,0.875
5511959,clear,4,10,8,0.8
5511959,clear,3,7,3,0.42857142857142855
5511959,clear,2,3,0,0
5512597,blur,16,1,1,1
5512597,blur,15,1,1,1
5512597,blur,14,6,5,0.8333333333333334
5512597,blur,13,6,6,1
5512597,blur,12,9,4,0.4444444444444444
5512597,blur,11,5,4,0.8
5512597,blur,10,7,3,0.42857142857142855
5512597,blur,9,3,2,0.6666666666666666
5512597,blur,8,2,0,0
5512597,clear,10,1,1,1
5512597,clear,9,1,1,1
5512597,clear,8,1,1,1
5512597,clear,7,1,1,1
5512597,clear,6,2,2,1
5512597,clear,5,7,7,1
5512597,clear,4,11,10,0.9090909090909091
5512597,clear,3,10,5,0.5
5512597,clear,2,5,1,0.2
5512597,clear,1,1,0,0
5549866,blur,10,1,1,1
5549866,blur,9,1,1,1
5549866,blur,8,1,1,1
5549866,blur,7,2,2,1
5549866,blur,6,3,3,1
5549866,blur,5,4,3,0.75
5549866,blur,4,3,2,0.6666666666666666
5549866,blur,3,9,8,0.8888888888888888
5549866,blur,2,8,8,1
5549866,blur,1,8,0,0
5549866,clear,10,1,1,1
5549866,clear,9,1,1,1
5549866,clear,8,1,1,1
5549866,clear,7,1,1,1
5549866,clear,6,1,1,1
5549866,clear,5,1,1,1
5549866,clear,4,4,4,1
5549866,clear,3,11,11,1
5549866,clear,2,11,8,0.7272727272727273
5549866,clear,1,8,0,0
5550506,blur,10,1,1,1
5550506,blur,9,1,1,1
5550506,blur,8,2,2,1
5550506,blur,7,4,4,1
5550506,blur,6,6,5,0.8333333333333334
5550506,blur,5,10,8,0.8
5550506,blur,4,9,7,0.7777777777777778
5550506,blur,3,6,1,0.16666666666666666
5550506,blur,2,1,0,0
5550506,clear,10,1,1,1
5550506,clear,9,1,1,1
5550506,clear,8,1,1,1
5550506,clear,7,1,1,1
5550506,clear,6,1,1,1
5550506,clear,5,5,5,1
5550506,clear,4,11,11,1
5550506,clear,3,11,7,0.6363636363636364
5550506,clear,2,7,1,0.14285714285714285
5550506,clear,1,1,0,0
5558701,blur,11,1,1,1
5558701,blur,10,2,2,1
5558701,blur,9,2,1,0.5
5558701,blur,8,1,1,1
5558701,blur,7,1,1,1
5558701,blur,6,1,1,1
5558701,blur,5,6,6,1
5558701,blur,4,8,8,1
5558701,blur,3,10,5,0.5
5558701,blur,2,5,3,0.6
5558701,blur,1,3,0,0
5558701,clear,10,1,1,1
5558701,clear,9,1,1,1
5558701,clear,8,1,1,1
5558701,clear,7,1,1,1
5558701,clear,6,1,1,1
5558701,clear,5,2,2,1
5558701,clear,4,4,4,1
5558701,clear,3,11,10,0.9090909090909091
5558701,clear,2,10,8,0.8
5558701,clear,1,8,1,0.125
5578336,blur,10,1,1,1
5578336,blur,9,1,1,1
5578336,blur,8,2,2,1
5578336,blur,7,2,2,1
5578336,blur,6,2,1,0.5
5578336,blur,5,1,1,1
5578336,blur,4,3,3,1
5578336,blur,3,9,9,1
5578336,blur,2,9,7,0.7777777777777778
5578336,blur,1,10,4,0.4
5578336,clear,10,1,1,1
5578336,clear,9,1,1,1
5578336,clear,8,1,1,1
5578336,clear,7,1,1,1
5578336,clear,6,1,1,1
5578336,clear,5,1,1,1
5578336,clear,4,1,1,1
5578336,clear,3,4,4,1
5578336,clear,2,4,4,1
5578336,clear,1,25,22,0.88
5585374,blur,11,1,1,1
5585374,blur,10,2,2,1
5585374,blur,9,3,2,0.6666666666666666
5585374,blur,8,4,4,1
5585374,blur,7,5,4,0.8
5585374,blur,6,6,4,0.6666666666666666
5585374,blur,5,8,7,0.875
5585374,blur,4,7,4,0.5714285714285714
5585374,blur,3,4,0,0
5585374,clear,10,1,1,1
5585374,clear,9,1,1,1
5585374,clear,8,2,2,1
5585374,clear,7,2,2,1
5585374,clear,6,8,7,0.875
5585374,clear,5,10,10,1
5585374,clear,4,11,4,0.36363636363636365
5585374,clear,3,4,1,0.25
5585374,clear,2,1,0,0
5585959,blur,10,1,1,1
5585959,blur,9,1,1,1
5585959,blur,8,1,1,1
5585959,blur,7,1,1,1
5585959,blur,6,1,1,1
5585959,blur,5,12,12,1
5585959,blur,4,12,11,0.9166666666666666
5585959,blur,3,11,0,0
5585959,clear,10,1,1,1
5585959,clear,9,1,1,1
5585959,clear,8,1,1,1
5585959,clear,7,2,2,1
5585959,clear,6,1,1,1
5585959,clear,5,10,9,0.9
5585959,clear,4,10,10,1
5585959,clear,3,11,2,0.18181818181818182
5585959,clear,2,2,1,0.5
5585959,clear,1,1,0,0
5599806,blur,11,1,1,1
5599806,blur,10,4,4,1
5599806,blur,9,7,6,0.8571428571428571
5599806,blur,8,6,4,0.6666666666666666
5599806,blur,7,8,4,0.5
5599806,blur,6,5,5,1
5599806,blur,5,6,2,0.3333333333333333
5599806,blur,4,2,1,0.5
5599806,blur,3,1,0,0
5599806,clear,10,1,1,1
5599806,clear,9,1,1,1
5599806,clear,8,1,1,1
5599806,clear,7,3,3,1
5599806,clear,6,6,6,1
5599806,clear,5,11,9,0.8181818181818182
5599806,clear,4,10,6,0.6
5599806,clear,3,6,1,0.16666666666666666
5599806,clear,2,1,0,0
5610774,blur,10,1,1,1
5610774,blur,9,1,1,1
5610774,blur,8,1,1,1
5610774,blur,7,1,1,1
5610774,blur,6,3,3,1
5610774,blur,5,12,12,1
5610774,blur,4,12,10,0.8333333333333334
5610774,blur,3,9,0,0
5610774,clear,10,1,1,1
5610774,clear,9,1,1,1
5610774,clear,8,1,1,1
5610774,clear,7,4,4,1
5610774,clear,6,6,6,1
5610774,clear,5,12,9,0.75
5610774,clear,4,9,6,0.6666666666666666
5610774,clear,3,6,0,0
5623534,blur,10,1,1,1
5623534,blur,9,1,1,1
5623534,blur,8,1,1,1
5623534,blur,7,1,1,1
5623534,blur,6,1,1,1
5623534,blur,5,2,2,1
5623534,blur,4,2,2,1
5623534,blur,3,9,8,0.8888888888888888
5623534,blur,2,8,8,1
5623534,blur,1,14,7,0.5
5623534,clear,10,1,1,1
5623534,clear,9,1,1,1
5623534,clear,8,1,1,1
5623534,clear,7,1,1,1
5623534,clear,6,1,1,1
5623534,clear,5,2,2,1
5623534,clear,4,2,2,1
5623534,clear,3,6,5,0.8333333333333334
5623534,clear,2,5,5,1
5623534,clear,1,20,16,0.8
5624292,blur,10,1,1,1
5624292,blur,9,1,1,1
5624292,blur,8,2,2,1
5624292,blur,7,3,3,1
5624292,blur,6,7,6,0.8571428571428571
5624292,blur,5,8,7,0.875
5624292,blur,4,10,6,0.6
5624292,blur,3,5,3,0.6
5624292,blur,2,3,0,0
5624292,clear,10,1,1,1
5624292,clear,9,1,1,1
5624292,clear,8,1,1,1
5624292,clear,7,2,2,1
5624292,clear,6,3,3,1
5624292,clear,5,5,4,0.8
5624292,clear,4,8,7,0.875
5624292,clear,3,9,7,0.7777777777777778
5624292,clear,2,7,3,0.42857142857142855
5624292,clear,1,3,0,0
5631005,blur,10,1,1,1
5631005,blur,9,1,1,1
5631005,blur,8,1,1,1
5631005,blur,7,1,1,1
5631005,blur,6,2,2,1
5631005,blur,5,3,3,1
5631005,blur,4,9,8,0.8888888888888888
5631005,blur,3,10,9,0.9
5631005,blur,2,9,3,0.3333333333333333
5631005,blur,1,3,0,0
5631005,clear,10,1,1,1
5631005,clear,9,2,2,1
5631005,clear,8,2,2,1
5631005,clear,7,2,1,0.5
5631005,clear,6,2,2,1
5631005,clear,5,6,6,1
5631005,clear,4,8,7,0.875
5631005,clear,3,9,5,0.5555555555555556
5631005,clear,2,5,3,0.6
5631005,clear,1,3,0,0
5635923,blur,10,1,1,1
5635923,blur,9,1,1,1
5635923,blur,8,1,1,1
5635923,blur,7,1,1,1
5635923,blur,6,1,1,1
5635923,blur,5,3,3,1
5635923,blur,4,5,5,1
5635923,blur,3,11,9,0.8181818181818182
5635923,blur,2,8,6,0.75
5635923,blur,1,8,2,0.25
5635923,clear,10,1,1,1
5635923,clear,9,1,1,1
5635923,clear,8,1,1,1
5635923,clear,7,1,1,1
5635923,clear,6,1,1,1
5635923,clear,5,1,1,1
5635923,clear,4,1,1,1
5635923,clear,3,7,7,1
5635923,clear,2,7,7,1
5635923,clear,1,19,13,0.6842105263157895
5636687,blur,10,1,1,1
5636687,blur,9,1,1,1
5636687,blur,8,1,1,1
5636687,blur,7,1,1,1
5636687,blur,6,2,2,1
5636687,blur,5,4,4,1
5636687,blur,4,5,4,0.8
5636687,blur,3,10,8,0.8
5636687,blur,2,8,7,0.875
5636687,blur,1,7,1,0.14285714285714285
5636687,clear,10,1,1,1
5636687,clear,9,1,1,1
5636687,clear,8,1,1,1
5636687,clear,7,1,1,1
5636687,clear,6,1,1,1
5636687,clear,5,1,1,1
5636687,clear,4,1,1,1
5636687,clear,3,9,9,1
5636687,clear,2,8,8,1
5636687,clear,1,16,8,0.5
5647580,blur,10,1,1,1
5647580,blur,9,1,1,1
5647580,blur,8,1,1,1
5647580,blur,7,1,1,1
5647580,blur,6,1,1,1
5647580,blur,5,3,3,1
5647580,blur,4,3,3,1
5647580,blur,3,10,8,0.8
5647580,blur,2,8,8,1
5647580,blur,1,11,4,0.36363636363636365
5647580,clear,10,1,1,1
5647580,clear,9,1,1,1
5647580,clear,8,1,1,1
5647580,clear,7,2,2,1
5647580,clear,6,2,2,1
5647580,clear,5,2,1,0.5
5647580,clear,4,2,2,1
5647580,clear,3,9,9,1
5647580,clear,2,9,8,0.8888888888888888
5647580,clear,1,11,4,0.36363636363636365
5647903,blur,10,1,1,1
5647903,blur,9,1,1,1
5647903,blur,8,1,1,1
5647903,blur,7,1,1,1
5647903,blur,6,3,3,1
5647903,blur,5,5,5,1
5647903,blur,4,8,6,0.75
5647903,blur,3,9,7,0.7777777777777778
5647903,blur,2,7,4,0.5714285714285714
5647903,blur,1,4,0,0
5647903,clear,10,1,1,1
5647903,clear,9,1,1,1
5647903,clear,8,1,1,1
5647903,clear,7,1,1,1
5647903,clear,6,1,1,1
5647903,clear,5,1,1,1
5647903,clear,4,2,2,1
5647903,clear,3,9,9,1
5647903,clear,2,8,7,0.875
5647903,clear,1,15,8,0.5333333333333333
5658031,blur,10,1,1,1
5658031,blur,9,1,1,1
5658031,blur,8,1,1,1
5658031,blur,7,1,1,1
5658031,blur,6,2,2,1
5658031,blur,5,6,6,1
5658031,blur,4,8,7,0.875
5658031,blur,3,10,6,0.6
5658031,blur,2,6,3,0.5
5658031,blur,1,4,1,0.25
5658031,clear,10,1,1,1
5658031,clear,9,1,1,1
5658031,clear,8,1,1,1
5658031,clear,7,1,1,1
5658031,clear,6,1,1,1
5658031,clear,5,2,2,1
5658031,clear,4,6,6,1
5658031,clear,3,11,10,0.9090909090909091
5658031,clear,2,10,6,0.6
5658031,clear,1,6,0,0
5668370,blur,10,1,1,1
5668370,blur,9,3,3,1
5668370,blur,8,3,3,1
5668370,blur,7,4,2,0.5
5668370,blur,6,4,4,1
5668370,blur,5,4,3,0.75
5668370,blur,4,4,2,0.5
5668370,blur,3,6,6,1
5668370,blur,2,5,4,0.8
5668370,blur,1,6,2,0.3333333333333333
5668370,clear,10,1,1,1
5668370,clear,9,1,1,1
5668370,clear,8,1,1,1
5668370,clear,7,1,1,1
5668370,clear,6,1,1,1
5668370,clear,5,2,2,1
5668370,clear,4,3,3,1
5668370,clear,3,11,10,0.9090909090909091
5668370,clear,2,10,9,0.9
5668370,clear,1,9,1,0.1111111111111111
5669715,blur,10,1,1,1
5669715,blur,9,2,2,1
5669715,blur,8,3,3,1
5669715,blur,7,3,2,0.6666666666666666
5669715,blur,6,5,4,0.8
5669715,blur,5,7,7,1
5669715,blur,4,8,5,0.625
5669715,blur,3,6,3,0.5
5669715,blur,2,3,2,0.6666666666666666
5669715,blur,1,2,0,0
5669715,clear,10,1,1,1
5669715,clear,9,1,1,1
5669715,clear,8,3,3,1
5669715,clear,7,5,5,1
5669715,clear,6,6,4,0.6666666666666666
5669715,clear,5,5,3,0.6
5669715,clear,4,6,5,0.8333333333333334
5669715,clear,3,6,5,0.8333333333333334
5669715,clear,2,5,2,0.4
5669715,clear,1,2,0,0
5670717,blur,10,1,1,1
5670717,blur,9,1,1,1
5670717,blur,8,1,1,1
5670717,blur,7,1,1,1
5670717,blur,6,1,1,1
5670717,blur,5,2,2,1
5670717,blur,4,4,4,1
5670717,blur,3,11,10,0.9090909090909091
5670717,blur,2,10,8,0.8
5670717,blur,1,8,0,0
5670717,clear,10,1,1,1
5670717,clear,9,1,1,1
5670717,clear,8,1,1,1
5670717,clear,7,1,1,1
5670717,clear,6,1,1,1
5670717,clear,5,1,1,1
5670717,clear,4,3,3,1
5670717,clear,3,10,10,1
5670717,clear,2,9,7,0.7777777777777778
5670717,clear,1,12,5,0.4166666666666667
5688378,blur,10,1,1,1
5688378,blur,9,1,1,1
5688378,blur,8,1,1,1
5688378,blur,7,1,1,1
5688378,blur,6,3,3,1
5688378,blur,5,6,6,1
5688378,blur,4,11,9,0.8181818181818182
5688378,blur,3,9,6,0.6666666666666666
5688378,blur,2,6,1,0.16666666666666666
5688378,blur,1,1,0,0
5688378,clear,10,1,1,1
5688378,clear,9,1,1,1
5688378,clear,8,1,1,1
5688378,clear,7,1,1,1
5688378,clear,6,3,3,1
5688378,clear,5,4,4,1
5688378,clear,4,7,5,0.7142857142857143
5688378,clear,3,9,8,0.8888888888888888
5688378,clear,2,8,5,0.625
5688378,clear,1,5,0,0
5693459,blur,10,1,1,1
5693459,blur,9,1,1,1
5693459,blur,8,1,1,1
5693459,blur,7,1,1,1
5693459,blur,6,1,1,1
5693459,blur,5,1,1,1
5693459,blur,4,1,1,1
5693459,blur,3,10,10,1
5693459,blur,2,10,10,1
5693459,blur,1,13,4,0.3076923076923077
5693459,clear,10,1,1,1
5693459,clear,9,1,1,1
5693459,clear,8,1,1,1
5693459,clear,7,1,1,1
5693459,clear,6,2,2,1
5693459,clear,5,2,2,1
5693459,clear,4,2,1,0.5
5693459,clear,3,9,9,1
5693459,clear,2,9,9,1
5693459,clear,1,12,4,0.3333333333333333
5693659,blur,10,1,1,1
5693659,blur,9,1,1,1
5693659,blur,8,1,1,1
5693659,blur,7,1,1,1
5693659,blur,6,1,1,1
5693659,blur,5,2,2,1
5693659,blur,4,3,3,1
5693659,blur,3,11,10,0.9090909090909091
5693659,blur,2,10,8,0.8
5693659,blur,1,9,1,0.1111111111111111
5693659,clear,10,1,1,1
5693659,clear,9,1,1,1
5693659,clear,8,1,1,1
5693659,clear,7,1,1,1
5693659,clear,6,2,2,1
5693659,clear,5,2,2,1
5693659,clear,4,3,2,0.6666666666666666
5693659,clear,3,7,7,1
5693659,clear,2,7,5,0.7142857142857143
5693659,clear,1,15,10,0.6666666666666666
5704264,blur,10,1,1,1
5704264,blur,9,1,1,1
5704264,blur,8,1,1,1
5704264,blur,7,4,4,1
5704264,blur,6,4,4,1
5704264,blur,5,6,3,0.5
5704264,blur,4,7,7,1
5704264,blur,3,8,6,0.75
5704264,blur,2,6,2,0.3333333333333333
5704264,blur,1,2,0,0
5704264,clear,10,1,1,1
5704264,clear,9,1,1,1
5704264,clear,8,1,1,1
5704264,clear,7,1,1,1
5704264,clear,6,1,1,1
5704264,clear,5,1,1,1
5704264,clear,4,1,1,1
5704264,clear,3,9,9,1
5704264,clear,2,9,9,1
5704264,clear,1,15,7,0.4666666666666667
5765743,blur,10,1,1,1
5765743,blur,9,2,2,1
5765743,blur,8,2,2,1
5765743,blur,7,2,1,0.5
5765743,blur,6,1,1,1
5765743,blur,5,1,1,1
5765743,blur,4,2,2,1
5765743,blur,3,10,10,1
5765743,blur,2,10,9,0.9
5765743,blur,1,9,1,0.1111111111111111
5765743,clear,10,1,1,1
5765743,clear,9,1,1,1
5765743,clear,8,1,1,1
5765743,clear,7,1,1,1
5765743,clear,6,1,1,1
5765743,clear,5,1,1,1
5765743,clear,4,1,1,1
5765743,clear,3,8,8,1
5765743,clear,2,8,8,1
5765743,clear,1,17,10,0.5882352941176471
5770699,blur,10,1,1,1
5770699,blur,9,2,2,1
5770699,blur,8,3,3,1
5770699,blur,7,6,5,0.8333333333333334
5770699,blur,6,7,6,0.8571428571428571
5770699,blur,5,8,5,0.625
5770699,blur,4,7,4,0.5714285714285714
5770699,blur,3,4,2,0.5
5770699,blur,2,2,0,0
5770699,clear,11,1,1,1
5770699,clear,10,2,2,1
5770699,clear,9,2,1,0.5
5770699,clear,8,1,1,1
5770699,clear,7,1,1,1
5770699,clear,6,1,1,1
5770699,clear,5,2,2,1
5770699,clear,4,7,7,1
5770699,clear,3,10,9,0.9
5770699,clear,2,9,4,0.4444444444444444
5770699,clear,1,4,0,0
5781722,blur,10,1,1,1
5781722,blur,9,1,1,1
5781722,blur,8,1,1,1
5781722,blur,7,1,1,1
5781722,blur,6,2,2,1
5781722,blur,5,4,4,1
5781722,blur,4,10,9,0.9
5781722,blur,3,10,8,0.8
5781722,blur,2,8,2,0.25
5781722,blur,1,2,0,0
5781722,clear,10,1,1,1
5781722,clear,9,1,1,1
5781722,clear,8,1,1,1
5781722,clear,7,1,1,1
5781722,clear,6,1,1,1
5781722,clear,5,3,3,1
5781722,clear,4,4,4,1
5781722,clear,3,11,9,0.8181818181818182
5781722,clear,2,9,8,0.8888888888888888
5781722,clear,1,8,0,0
5789390,blur,10,1,1,1
5789390,blur,9,1,1,1
5789390,blur,8,1,1,1
5789390,blur,7,1,1,1
5789390,blur,6,1,1,1
5789390,blur,5,1,1,1
5789390,blur,4,1,1,1
5789390,blur,3,7,7,1
5789390,blur,2,7,7,1
5789390,blur,1,19,13,0.6842105263157895
5789390,clear,10,1,1,1
5789390,clear,9,1,1,1
5789390,clear,8,1,1,1
5789390,clear,7,1,1,1
5789390,clear,6,1,1,1
5789390,clear,5,1,1,1
5789390,clear,4,1,1,1
5789390,clear,3,3,3,1
5789390,clear,2,3,3,1
5789390,clear,1,27,25,0.9259259259259259
5791526,blur,11,1,1,1
5791526,blur,10,2,2,1
5791526,blur,9,3,2,0.6666666666666666
5791526,blur,8,3,3,1
5791526,blur,7,4,3,0.75
5791526,blur,6,3,2,0.6666666666666666
5791526,blur,5,5,4,0.8
5791526,blur,4,6,6,1
5791526,blur,3,7,4,0.5714285714285714
5791526,blur,2,4,2,0.5
5791526,blur,1,2,0,0
5791526,clear,10,1,1,1
5791526,clear,9,1,1,1
5791526,clear,8,1,1,1
5791526,clear,7,1,1,1
5791526,clear,6,1,1,1
5791526,clear,5,2,2,1
5791526,clear,4,7,7,1
5791526,clear,3,11,10,0.9090909090909091
5791526,clear,2,10,5,0.5
5791526,clear,1,5,0,0
5792031,blur,10,1,1,1
5792031,blur,9,1,1,1
5792031,blur,8,1,1,1
5792031,blur,7,1,1,1
5792031,blur,6,1,1,1
5792031,blur,5,2,2,1
5792031,blur,4,4,4,1
5792031,blur,3,11,10,0.9090909090909091
5792031,blur,2,10,8,0.8
5792031,blur,1,8,0,0
5792031,clear,10,1,1,1
5792031,clear,9,1,1,1
5792031,clear,8,1,1,1
5792031,clear,7,1,1,1
5792031,clear,6,1,1,1
5792031,clear,5,2,2,1
5792031,clear,4,3,3,1
5792031,clear,3,11,10,0.9090909090909091
5792031,clear,2,10,8,0.8
5792031,clear,1,9,1,0.1111111111111111
5792635,blur,12,1,1,1
5792635,blur,11,1,1,1
5792635,blur,10,3,2,0.6666666666666666
5792635,blur,9,4,4,1
5792635,blur,8,5,4,0.8
5792635,blur,7,6,4,0.6666666666666666
5792635,blur,6,4,3,0.75
5792635,blur,5,7,5,0.7142857142857143
5792635,blur,4,5,5,1
5792635,blur,3,4,0,0
5792635,clear,10,1,1,1
5792635,clear,9,2,2,1
5792635,clear,8,4,4,1
5792635,clear,7,5,4,0.8
5792635,clear,6,6,4,0.6666666666666666
5792635,clear,5,6,5,0.8333333333333334
5792635,clear,4,7,5,0.7142857142857143
5792635,clear,3,5,3,0.6
5792635,clear,2,3,1,0.3333333333333333
5792635,clear,1,1,0,0
5793287,blur,10,1,1,1
5793287,blur,9,1,1,1
5793287,blur,8,1,1,1
5793287,blur,7,1,1,1
5793287,blur,6,2,2,1
5793287,blur,5,4,4,1
5793287,blur,4,7,6,0.8571428571428571
5793287,blur,3,10,8,0.8
5793287,blur,2,8,4,0.5
5793287,blur,1,5,1,0.2
5793287,clear,10,1,1,1
5793287,clear,9,1,1,1
5793287,clear,8,1,1,1
5793287,clear,7,1,1,1
5793287,clear,6,1,1,1
5793287,clear,5,1,1,1
5793287,clear,4,1,1,1
5793287,clear,3,9,9,1
5793287,clear,2,9,9,1
5793287,clear,1,15,7,0.4666666666666667
